,loss,rmse,val_loss,val_rmse
0,0.12961749732494354,0.33302566409111023,0.14603015780448914,0.3740015923976898
1,0.07587604224681854,0.24453085660934448,0.06132007762789726,0.2353048473596573
2,0.034319277852773666,0.15161468088626862,0.014796726405620575,0.10097096115350723
3,0.018896855413913727,0.11009596288204193,0.006199924275279045,0.06474283337593079
4,0.01841307245194912,0.10857604444026947,0.010649292729794979,0.08358003944158554
5,0.02256571687757969,0.12472669035196304,0.00828807707875967,0.07147186249494553
6,0.016048504039645195,0.10210255533456802,0.00565527006983757,0.0632852241396904
7,0.01778627373278141,0.10738115757703781,0.005735653918236494,0.06618916243314743
8,0.015791242942214012,0.10232603549957275,0.005618860945105553,0.06512189656496048
9,0.017754893749952316,0.10439930856227875,0.00559142604470253,0.06505775451660156
10,0.01415918953716755,0.09598805010318756,0.005446492228657007,0.06385018676519394
11,0.0160830058157444,0.10294880717992783,0.005488734692335129,0.06448370218276978
12,0.019134165719151497,0.10994785279035568,0.005512148141860962,0.06521118432283401
13,0.015107419341802597,0.09721978008747101,0.005406416952610016,0.06432127952575684
14,0.014243335463106632,0.10011546313762665,0.005284322891384363,0.06318000704050064
15,0.015059882774949074,0.09997355192899704,0.0051600392907857895,0.06133251264691353
16,0.016377940773963928,0.09964631497859955,0.005121835041791201,0.061444271355867386
17,0.012989673763513565,0.09073064476251602,0.005075096618384123,0.06092047691345215
18,0.014075151644647121,0.09641338139772415,0.005081201437860727,0.06058349832892418
19,0.015361528843641281,0.09901886433362961,0.005069446284323931,0.06037423014640808
20,0.015606781467795372,0.10381654649972916,0.005010731052607298,0.06134455278515816
21,0.01394407358020544,0.0919361412525177,0.005272894632071257,0.06468895077705383
22,0.014632639475166798,0.09385356307029724,0.005017415154725313,0.062128860503435135
23,0.015122511424124241,0.09968394786119461,0.005341008305549622,0.06545767933130264
24,0.01287616603076458,0.09281880408525467,0.005160356406122446,0.06409557908773422
25,0.011615020222961903,0.08660606294870377,0.00476820720359683,0.05928729847073555
26,0.014949461445212364,0.09838174283504486,0.004728260450065136,0.05907629430294037
27,0.013326686806976795,0.0919405072927475,0.005049578379839659,0.06342820078134537
28,0.010785691440105438,0.08554676920175552,0.004762336611747742,0.060326721519231796
29,0.0124224117025733,0.088779516518116,0.00460755405947566,0.05850447714328766
30,0.01282015535980463,0.087638258934021,0.004619963467121124,0.057555437088012695
31,0.012461074627935886,0.08806272596120834,0.004480255302041769,0.057319507002830505
32,0.012530790641903877,0.089531809091568,0.004456468392163515,0.05839395523071289
33,0.011437504552304745,0.08063116669654846,0.004793175961822271,0.06211651489138603
34,0.011742666363716125,0.08557232469320297,0.00493019400164485,0.06308169662952423
35,0.012512833811342716,0.09107412397861481,0.004370496142655611,0.0585816316306591
36,0.011278309859335423,0.08493777364492416,0.004685917869210243,0.06142903491854668
37,0.01244827639311552,0.08786351978778839,0.0044832960702478886,0.05990789458155632
38,0.011772220022976398,0.08484303951263428,0.004252022597938776,0.05795587971806526
39,0.011887176893651485,0.08845264464616776,0.004106458276510239,0.05641131475567818
40,0.012361555360257626,0.08751014620065689,0.0039253621362149715,0.05377607420086861
41,0.011241186410188675,0.08535381406545639,0.003914866130799055,0.05366608127951622
42,0.01118912361562252,0.08147187530994415,0.00436618784442544,0.059030551463365555
43,0.011532868258655071,0.08518731594085693,0.004091894719749689,0.056629639118909836
44,0.012326191179454327,0.08850385248661041,0.0037871161475777626,0.052401889115571976
45,0.0105731301009655,0.07929933071136475,0.0038810737896710634,0.05327894166111946
46,0.011877117678523064,0.083785779774189,0.0036859989631921053,0.05232517793774605
47,0.010070569813251495,0.08073370903730392,0.0037946507800370455,0.05400674417614937
48,0.00987454503774643,0.0791948065161705,0.003706214250996709,0.05301719531416893
49,0.010983637534081936,0.08174620568752289,0.003767868271097541,0.05268750712275505
50,0.01089088711887598,0.08372282981872559,0.003773679956793785,0.052735622972249985
51,0.009774341247975826,0.07809152454137802,0.0035937807988375425,0.052043963223695755
52,0.009003096260130405,0.07524192333221436,0.0045757959596812725,0.05927766487002373
53,0.010554359294474125,0.08185011893510818,0.004208006430417299,0.057141512632369995
54,0.009414535015821457,0.07761108130216599,0.003626785473898053,0.052663907408714294
55,0.009909316897392273,0.07810899615287781,0.0035058341454714537,0.05129343271255493
56,0.010906605049967766,0.0821860134601593,0.003499499289318919,0.05127829313278198
57,0.009105208329856396,0.07513444125652313,0.003544808132573962,0.05153487250208855
58,0.010813653469085693,0.08369480073451996,0.0035173576325178146,0.05135759711265564
59,0.00899289920926094,0.07510530948638916,0.0032660875003784895,0.04840630665421486
60,0.009723068214952946,0.07750070840120316,0.0033445965964347124,0.04948246106505394
61,0.009187903255224228,0.07307876646518707,0.003275032388046384,0.04833093285560608
62,0.01061469130218029,0.08487461507320404,0.003202031133696437,0.048237770795822144
63,0.009837212972342968,0.07755471020936966,0.0031869709491729736,0.048296961933374405
64,0.008406341075897217,0.06969455629587173,0.0031827297061681747,0.04843267798423767
65,0.008928836323320866,0.07363367080688477,0.003205062123015523,0.048398662358522415
66,0.009661243297159672,0.07766225934028625,0.003342359559610486,0.04980406165122986
67,0.00896422192454338,0.07427165657281876,0.003150366013869643,0.048235323280096054
68,0.0093237841501832,0.0724354088306427,0.003148266114294529,0.048481181263923645
69,0.011193584650754929,0.08388639986515045,0.003185251960530877,0.04909894987940788
70,0.010561071336269379,0.0791061595082283,0.003251338144764304,0.048779118806123734
71,0.009716353379189968,0.07812032103538513,0.003498135833069682,0.051293473690748215
72,0.008364449255168438,0.07215696573257446,0.003290788969025016,0.04931798204779625
73,0.009188821539282799,0.07422249019145966,0.003439157037064433,0.05049887299537659
74,0.010619139298796654,0.08267104625701904,0.003099445952102542,0.04852595925331116
75,0.00967103149741888,0.07835419476032257,0.003018472110852599,0.047523412853479385
76,0.008901134133338928,0.07419334352016449,0.003066996345296502,0.04834838584065437
77,0.008706135675311089,0.07388845086097717,0.002992123132571578,0.04743685945868492
78,0.0075939372181892395,0.0691019669175148,0.0029860578943043947,0.04754335805773735
79,0.009575474075973034,0.07694317400455475,0.002957205520942807,0.046598393470048904
80,0.007980942726135254,0.06944455206394196,0.003145230235531926,0.04917428269982338
81,0.009143511764705181,0.07285503298044205,0.003081283299252391,0.04886519908905029
82,0.008887744508683681,0.07460315525531769,0.0029719688463956118,0.04684022441506386
83,0.008440392091870308,0.0717574954032898,0.002977716736495495,0.04704035446047783
84,0.009409140795469284,0.0745401531457901,0.0029741220641881227,0.04714236781001091
85,0.008501785807311535,0.07283307611942291,0.00441461056470871,0.05601970851421356
86,0.008742454461753368,0.07626435905694962,0.0033064859453588724,0.049226582050323486
87,0.00841881800442934,0.07043123245239258,0.003570430912077427,0.05146123096346855
88,0.009213756769895554,0.07415260374546051,0.0032972628250718117,0.05036293342709541
89,0.009314014576375484,0.07605123519897461,0.0029520944226533175,0.04699265956878662
90,0.007970920763909817,0.07049204409122467,0.003067420795559883,0.04690207168459892
91,0.008526656776666641,0.07336807996034622,0.0029362074565142393,0.046901777386665344
92,0.008517486043274403,0.07258173823356628,0.0029788732063025236,0.04837964102625847
93,0.009650357998907566,0.07507450133562088,0.0031616343185305595,0.04971035197377205
94,0.008451147004961967,0.07278968393802643,0.0030150972306728363,0.048703406006097794
95,0.00859961099922657,0.07427839934825897,0.003361036302521825,0.04934173822402954
96,0.008988535962998867,0.07469160109758377,0.0029015487525612116,0.04697991535067558
97,0.009035106748342514,0.07531514763832092,0.0034488614182919264,0.05037015303969383
98,0.007603276055306196,0.06910047680139542,0.0028651226311922073,0.046278174966573715
99,0.00795068684965372,0.06953203678131104,0.003292718669399619,0.04856276139616966
100,0.008461427874863148,0.07292257249355316,0.0028652995824813843,0.04665588214993477
101,0.008142675273120403,0.06998049467802048,0.0033273466397076845,0.049854014068841934
102,0.008528598584234715,0.07186927646398544,0.0028313433285802603,0.045985639095306396
103,0.008063815534114838,0.070700503885746,0.0028282280545681715,0.046754609793424606
104,0.008126812055706978,0.07018137723207474,0.002855188911780715,0.04712200164794922
105,0.00835137628018856,0.07337863743305206,0.0030824083369225264,0.04689778387546539
106,0.00775361992418766,0.07024633139371872,0.002888208255171776,0.045735519379377365
107,0.008157643489539623,0.06843109428882599,0.0028010557871311903,0.04572625458240509
108,0.008477534167468548,0.07313594222068787,0.002784853568300605,0.04575752094388008
109,0.0073974221013486385,0.06778736412525177,0.002776883542537689,0.04587898775935173
110,0.00851524993777275,0.07278645783662796,0.002772947773337364,0.04536498710513115
111,0.007662054151296616,0.07060526311397552,0.003001188160851598,0.04645979404449463
112,0.008825821802020073,0.07269416749477386,0.003533943323418498,0.04955853894352913
113,0.008479646407067776,0.0732930600643158,0.002841704525053501,0.04666924476623535
114,0.008690102957189083,0.07273042947053909,0.003541015088558197,0.049550335854291916
115,0.007970068603754044,0.06911060214042664,0.0028211900498718023,0.04653635621070862
116,0.008229452185332775,0.07027173042297363,0.0038088762667030096,0.05088053271174431
117,0.008703961037099361,0.07567985355854034,0.003517216071486473,0.049253929406404495
118,0.007262932602316141,0.06669887900352478,0.0027865953743457794,0.04627816006541252
119,0.007670499384403229,0.06664282083511353,0.0031995654571801424,0.04867713525891304
120,0.00836351327598095,0.07239237427711487,0.002874073339626193,0.04621228203177452
121,0.007018922828137875,0.06680667400360107,0.0028858843725174665,0.04621365666389465
122,0.008104775100946426,0.06954118609428406,0.0028634851332753897,0.047108519822359085
123,0.007524935062974691,0.06927801668643951,0.0027607157826423645,0.046183180063962936
124,0.007870463654398918,0.0686521828174591,0.003026780439540744,0.04668744280934334
125,0.007857408374547958,0.07220394909381866,0.002939933678135276,0.0467078797519207
126,0.006567677482962608,0.06415384262800217,0.002796976128593087,0.04649847373366356
127,0.007487144321203232,0.06710565835237503,0.0029119951650500298,0.04740345478057861
128,0.007969418540596962,0.0715809017419815,0.0027659547049552202,0.046140071004629135
129,0.008009993471205235,0.06999386847019196,0.0027831231709569693,0.04610147699713707
130,0.007757164537906647,0.06965532153844833,0.0027638839092105627,0.045979514718055725
131,0.007433511782437563,0.06763652712106705,0.0029718412552028894,0.04762670397758484
132,0.007872851565480232,0.06906522810459137,0.002790571888908744,0.04633747413754463
133,0.007228461094200611,0.06589307636022568,0.002857217798009515,0.04646582901477814
134,0.007106793578714132,0.06665559858083725,0.0027954429388046265,0.0464666374027729
135,0.008321452885866165,0.0745447427034378,0.002790834754705429,0.04632745310664177
136,0.007142707239836454,0.06573212146759033,0.003248355584219098,0.04870005324482918
137,0.007760819047689438,0.07084657996892929,0.002824618248268962,0.04646208882331848
138,0.007865652441978455,0.06842807680368423,0.002776690060272813,0.0455658845603466
139,0.007073546294122934,0.06764895468950272,0.0027980932500213385,0.04553111270070076
140,0.007702338974922895,0.06605786830186844,0.0029747860971838236,0.0472019799053669
141,0.00771213648840785,0.06463790684938431,0.0028436873108148575,0.04653728008270264
142,0.007010682951658964,0.06452373415231705,0.002687887055799365,0.04534352943301201
143,0.007039573043584824,0.06788631528615952,0.0028042886406183243,0.04567014053463936
144,0.007800309453159571,0.06823858618736267,0.0027647968381643295,0.04611918330192566
145,0.0070617059245705605,0.06420470029115677,0.0030623835045844316,0.04680563136935234
146,0.006955222226679325,0.06607922911643982,0.002685264451429248,0.04479457437992096
147,0.006659892853349447,0.06553224474191666,0.0029303363990038633,0.04683242365717888
148,0.00703721446916461,0.06561508774757385,0.002939116908237338,0.046866729855537415
149,0.006762562785297632,0.06237073615193367,0.0027048999909311533,0.045408740639686584
150,0.007348319515585899,0.06665901094675064,0.00267772632651031,0.04525217041373253
151,0.0076502058655023575,0.06726162880659103,0.003038546768948436,0.04785257577896118
152,0.007905674166977406,0.06998947262763977,0.003018838120624423,0.04802759364247322
153,0.007708321325480938,0.06963805109262466,0.0028637952636927366,0.04615490511059761
154,0.007432959508150816,0.06705259531736374,0.002978008007630706,0.04637092351913452
155,0.00695464015007019,0.06696397811174393,0.002836037427186966,0.04683509096503258
156,0.007347995415329933,0.06803487241268158,0.0027133014518767595,0.045451581478118896
157,0.007218044716864824,0.06519544124603271,0.002832248108461499,0.04673611745238304
158,0.006497087888419628,0.06556882709264755,0.0027446020394563675,0.045742977410554886
159,0.007567472755908966,0.06829784065485,0.0030891618225723505,0.04690679907798767
160,0.008038381114602089,0.07102486491203308,0.0027610945980995893,0.045590102672576904
161,0.007222006097435951,0.06784837692975998,0.0027012669015675783,0.04533955827355385
162,0.00708945794031024,0.06605804711580276,0.002739613177254796,0.04512925073504448
163,0.007361477240920067,0.06815530359745026,0.002759791910648346,0.0449904166162014
164,0.006684815511107445,0.06448914855718613,0.003037957241758704,0.047290291637182236
165,0.007361606229096651,0.06698373705148697,0.0026636049151420593,0.04500393196940422
166,0.007119457237422466,0.06667528301477432,0.0038935260381549597,0.05081704258918762
167,0.007577505894005299,0.06830520927906036,0.0026758192107081413,0.04527925327420235
168,0.006265480536967516,0.06128663569688797,0.00315006822347641,0.04794101044535637
169,0.007736030966043472,0.06834578514099121,0.0025928972754627466,0.04436032101511955
170,0.007233696058392525,0.06860028952360153,0.0033015385270118713,0.04710662364959717
171,0.006596866995096207,0.06349564343690872,0.0028341279830783606,0.04517127200961113
172,0.006838161963969469,0.06650496274232864,0.0025481830816715956,0.04344905540347099
173,0.007010439410805702,0.06642985343933105,0.0026918768417090178,0.04495402052998543
174,0.007644117809832096,0.06690268963575363,0.002577913925051689,0.04419739916920662
175,0.006865967996418476,0.06582802534103394,0.002696082927286625,0.044781606644392014
176,0.0069618551060557365,0.06410287320613861,0.0031712662894278765,0.04693404212594032
177,0.007163952570408583,0.06709613651037216,0.0026565392035990953,0.04484657943248749
178,0.006887061521410942,0.06378285586833954,0.002633126685395837,0.044723182916641235
179,0.007075649220496416,0.06688527017831802,0.0026262926403433084,0.04477861151099205
180,0.006917944177985191,0.06529862433671951,0.002629032591357827,0.04464920237660408
181,0.006577746942639351,0.06092519313097,0.0025611212477087975,0.04425806924700737
182,0.007662456948310137,0.06792394816875458,0.002590196905657649,0.04395553842186928
183,0.007225221022963524,0.06724786758422852,0.002705714898183942,0.04457051679491997
184,0.007065627723932266,0.06554845720529556,0.0026821589563041925,0.045103076845407486
185,0.007144339848309755,0.06593191623687744,0.002563150366768241,0.04408958926796913
186,0.00664576655253768,0.06337384879589081,0.00284975697286427,0.045386116951704025
187,0.006178280804306269,0.06111675873398781,0.002563457703217864,0.04430660605430603
188,0.006915634032338858,0.06568841636180878,0.002637698082253337,0.04477347806096077
189,0.00757477106526494,0.06929527223110199,0.0026391418650746346,0.04483712837100029
190,0.006790576968342066,0.06727628409862518,0.002573757665231824,0.04437828063964844
191,0.006703226361423731,0.06397247314453125,0.002629204886034131,0.0441807322204113
192,0.007137727458029985,0.06743314862251282,0.002503842581063509,0.04352409765124321
193,0.006639074068516493,0.06276921927928925,0.002774534747004509,0.044712986797094345
194,0.0070717232301831245,0.06546413898468018,0.0024503320455551147,0.04225574806332588
195,0.006546961143612862,0.06346152722835541,0.0025446887593716383,0.04297151044011116
196,0.006545579992234707,0.06349146366119385,0.0025389506481587887,0.04292894899845123
197,0.006995861884206533,0.06533893197774887,0.0024550699163228273,0.042693525552749634
198,0.00672004371881485,0.0648585855960846,0.002594035817310214,0.043912529945373535
199,0.006560238543897867,0.0640486553311348,0.002498975722119212,0.043422210961580276
200,0.005821943283081055,0.05872082710266113,0.0024758875370025635,0.04332271218299866
201,0.007624068763107061,0.0663108378648758,0.0024988213554024696,0.04332062602043152
202,0.007151256315410137,0.06604831665754318,0.0025987138506025076,0.04369622841477394
203,0.006014786195009947,0.06173082813620567,0.002540011890232563,0.04358367994427681
204,0.006107129156589508,0.06259171664714813,0.0024755022022873163,0.043402861803770065
205,0.006660046521574259,0.06337273865938187,0.0024731350131332874,0.0431465320289135
206,0.00555016752332449,0.05843481793999672,0.002566508948802948,0.04358920827507973
207,0.006522578652948141,0.06297368556261063,0.002467336831614375,0.04265446588397026
208,0.007105852011591196,0.06692761927843094,0.0025007715448737144,0.04281437769532204
209,0.0068137128837406635,0.06446664035320282,0.0024018341209739447,0.042477354407310486
210,0.0066527086310088634,0.06625841557979584,0.002719796495512128,0.04431666061282158
211,0.006605193484574556,0.06204691156744957,0.0025111709255725145,0.04313959181308746
212,0.006126963533461094,0.06128573417663574,0.0024447059258818626,0.04315410926938057
213,0.006249578204005957,0.06298340111970901,0.00244809384457767,0.04320709779858589
214,0.005858959164470434,0.05833573639392853,0.002567121060565114,0.04359978809952736
215,0.006473970133811235,0.06360699236392975,0.0025216976646333933,0.04302169382572174
216,0.006810834631323814,0.06552635878324509,0.002622653730213642,0.043755631893873215
217,0.0065673417411744595,0.06386872380971909,0.0024149904493242502,0.04181434586644173
218,0.006845023017376661,0.06512201577425003,0.0023370073176920414,0.041821837425231934
219,0.00594082847237587,0.060674089938402176,0.0023629560600966215,0.04202738404273987
220,0.006160710472613573,0.061453018337488174,0.0023883029352873564,0.04193034768104553
221,0.007242169231176376,0.06541642546653748,0.002390873385593295,0.04256543517112732
222,0.006800531409680843,0.06516500562429428,0.0024147722870111465,0.04292977228760719
223,0.0069005112163722515,0.0664229542016983,0.002849578857421875,0.044536083936691284
224,0.006180009339004755,0.06035706028342247,0.00234890915453434,0.04238253831863403
225,0.006371192168444395,0.0633733868598938,0.002400473691523075,0.042495403438806534
226,0.00669899582862854,0.0636034607887268,0.002445527585223317,0.04206463322043419
227,0.007237667217850685,0.06733527779579163,0.0023373577278107405,0.04195171594619751
228,0.0072289989329874516,0.06857787817716599,0.0030554747208952904,0.04569783806800842
229,0.007063789293169975,0.06727869063615799,0.002377923810854554,0.042584434151649475
230,0.007126226555556059,0.06761658191680908,0.002371892100200057,0.04225323721766472
231,0.0062882318161427975,0.06299904733896255,0.002536966698244214,0.04336013272404671
232,0.006211931351572275,0.06332220137119293,0.002274293452501297,0.04151028394699097
233,0.006219228729605675,0.0617142952978611,0.002274966100230813,0.04161657392978668
234,0.006014389451593161,0.060151804238557816,0.002359997248277068,0.0414387509226799
235,0.00643805181607604,0.06302816420793533,0.0023103218991309404,0.04153287783265114
236,0.006924799177795649,0.0656760111451149,0.0022839773446321487,0.04118194803595543
237,0.006246140226721764,0.06298111379146576,0.002426046645268798,0.041641660034656525
238,0.00617158692330122,0.06241210922598839,0.0022994084283709526,0.04141449183225632
239,0.007244380656629801,0.06830992549657822,0.002351038856431842,0.0415571890771389
240,0.00644687982276082,0.06236511468887329,0.003223228035494685,0.047824423760175705
241,0.006405260413885117,0.060779962688684464,0.0027668478433042765,0.04413566365838051
242,0.006194167770445347,0.06119462847709656,0.0024490749929100275,0.042736802250146866
243,0.006560696288943291,0.06383807212114334,0.002320271683856845,0.041506193578243256
244,0.006848619319498539,0.0650133416056633,0.0027792665641754866,0.044216860085725784
245,0.006018448155373335,0.06132863089442253,0.0023737314622849226,0.04171330854296684
246,0.007198669016361237,0.06672976911067963,0.002379839075729251,0.04149220138788223
247,0.006317388731986284,0.06377611309289932,0.002805656986311078,0.0443422831594944
248,0.005563169252127409,0.05963880196213722,0.0023241164162755013,0.04147081449627876
249,0.006215646397322416,0.06105262413620949,0.002615703037008643,0.04408394172787666
250,0.0069100516848266125,0.06493887305259705,0.002405124017968774,0.0424593947827816
251,0.006629721261560917,0.06402679532766342,0.002421589568257332,0.04186440631747246
252,0.0062722680158913136,0.0631958544254303,0.0024578506126999855,0.042033225297927856
253,0.007011575624346733,0.06571365892887115,0.0023446481209248304,0.041617266833782196
254,0.0056778546422719955,0.06029953062534332,0.002602942520752549,0.04409375786781311
255,0.0066636777482926846,0.06576705724000931,0.002315956400707364,0.04161326587200165
256,0.005994490347802639,0.061603009700775146,0.002321533625945449,0.041741397231817245
257,0.0064577627927064896,0.06378559023141861,0.0023738641757518053,0.042401671409606934
258,0.005834407173097134,0.0606195293366909,0.002308692317456007,0.04155843332409859
259,0.006741599179804325,0.06537502259016037,0.0024426381569355726,0.04171191155910492
260,0.006056971848011017,0.06307261437177658,0.0023247201461344957,0.041378628462553024
261,0.006110607646405697,0.061198584735393524,0.0022887804079800844,0.04122765362262726
262,0.006245155353099108,0.06225323677062988,0.0026001152582466602,0.042228829115629196
263,0.0063899182714521885,0.06304577738046646,0.002311553107574582,0.04145021364092827
264,0.007115112617611885,0.06640087813138962,0.002395602175965905,0.041092101484537125
265,0.006821328774094582,0.06419039517641068,0.002296069171279669,0.04113234579563141
266,0.005719953216612339,0.059584278613328934,0.002263848204165697,0.041114404797554016
267,0.005695765838027,0.061381757259368896,0.0024480102583765984,0.04137657210230827
268,0.006209587678313255,0.06283343583345413,0.002317144302651286,0.0411405935883522
269,0.006343011278659105,0.060176629573106766,0.0022929878905415535,0.041581105440855026
270,0.006186462007462978,0.06274142116308212,0.002311342628672719,0.04187185689806938
271,0.006468014791607857,0.06328823417425156,0.0025982744991779327,0.04210435226559639
272,0.006678452715277672,0.06476671248674393,0.002668360248208046,0.044156596064567566
273,0.007329105399549007,0.06777875870466232,0.002954985946416855,0.045282524079084396
274,0.0070213815197348595,0.06594579666852951,0.0022894737776368856,0.0409742034971714
275,0.006766011938452721,0.06373082101345062,0.0027174856513738632,0.04309600219130516
276,0.006217685993760824,0.06304420530796051,0.002335295081138611,0.04184414818882942
277,0.0062370821833610535,0.06345158070325851,0.002900036284700036,0.044887930154800415
278,0.005819543264806271,0.061288438737392426,0.0023094704374670982,0.0414385087788105
279,0.006784768309444189,0.0644366443157196,0.002989046275615692,0.04615806043148041
280,0.006267363205552101,0.060973260551691055,0.0025078216567635536,0.041475385427474976
281,0.0062311976216733456,0.06320663541555405,0.003270884742960334,0.046713899821043015
282,0.006293541751801968,0.0650908574461937,0.0023583152797073126,0.04190875589847565
283,0.0069916751235723495,0.06732510030269623,0.003667383221909404,0.05143706873059273
284,0.006692058406770229,0.06446538120508194,0.0022577305790036917,0.04074741527438164
285,0.006790649611502886,0.06594493240118027,0.002262827707454562,0.04063812270760536
286,0.0062703280709683895,0.06412703543901443,0.00232227542437613,0.04012109711766243
287,0.0060142590664327145,0.06297894567251205,0.002286202274262905,0.04073169454932213
288,0.005798491649329662,0.06192096695303917,0.0025820517912507057,0.04379132762551308
289,0.006195520516484976,0.06207996606826782,0.0023924170527607203,0.042340099811553955
290,0.006063912063837051,0.0628104954957962,0.002453446388244629,0.04188762605190277
291,0.006197152193635702,0.06388325989246368,0.0023212905507534742,0.04172835126519203
292,0.0062475125305354595,0.06187957525253296,0.0025153132155537605,0.041667792946100235
293,0.006549735553562641,0.064213827252388,0.002227198565378785,0.03961706534028053
294,0.005851208698004484,0.06171286851167679,0.0022156520280987024,0.03945530578494072
295,0.005776609759777784,0.05934440344572067,0.002504510572180152,0.04157322272658348
296,0.005674231331795454,0.0584605373442173,0.0023264503106474876,0.04178650304675102
297,0.006262981332838535,0.06148301810026169,0.002390696434304118,0.042435575276613235
298,0.0065137105993926525,0.06443539261817932,0.0022572330199182034,0.04122423753142357
299,0.0056823487393558025,0.060173530131578445,0.002299089916050434,0.040670398622751236
300,0.0065053231082856655,0.06392289698123932,0.0024165394715964794,0.04047852382063866
301,0.006326077040284872,0.06265779584646225,0.0022230783943086863,0.03984734043478966
302,0.005675077438354492,0.0614042803645134,0.0022337371483445168,0.04036251828074455
303,0.006395908538252115,0.06311032921075821,0.0022618731018155813,0.04084918275475502
304,0.005543453153222799,0.05905257910490036,0.002532179234549403,0.04187345504760742
305,0.0062373243272304535,0.06264875829219818,0.0025032854173332453,0.041956569999456406
306,0.006465681362897158,0.06262311339378357,0.0027675230521708727,0.04460404813289642
307,0.006691970396786928,0.06616508215665817,0.0028551174327731133,0.044951166957616806
308,0.006915755569934845,0.06530799716711044,0.0026102690026164055,0.043056339025497437
309,0.006226742640137672,0.06412281841039658,0.0023575928062200546,0.04152381792664528
310,0.006444692611694336,0.06467995047569275,0.0023195308167487383,0.041460078209638596
311,0.006025209557265043,0.06229164078831673,0.0023415859322994947,0.04127651825547218
312,0.006059013772755861,0.06354760378599167,0.002319270046427846,0.041493941098451614
313,0.00645608501508832,0.06406694650650024,0.002308748895302415,0.04091298580169678
314,0.006061536259949207,0.06246889382600784,0.002716404153034091,0.04365977644920349
315,0.005650266073644161,0.05950545147061348,0.002335271565243602,0.03975881263613701
316,0.0062523288652300835,0.06201259791851044,0.0025400270242244005,0.04275885224342346
317,0.0058336639776825905,0.060015805065631866,0.0025253223720937967,0.041702400892972946
318,0.006303832400590181,0.06327209621667862,0.0023975870572030544,0.04015178605914116
319,0.005938695278018713,0.06261833757162094,0.0023953665513545275,0.042242277413606644
320,0.005859852768480778,0.06132832542061806,0.002453802153468132,0.040860313922166824
321,0.00553500559180975,0.05906185880303383,0.0032292045652866364,0.04832804575562477
322,0.005958147346973419,0.0614769347012043,0.0023090343456715345,0.04084450751543045
323,0.006151707377284765,0.06316617876291275,0.0031871525570750237,0.0465334951877594
324,0.006424222607165575,0.06579022854566574,0.0024497895501554012,0.042725276201963425
325,0.005554677918553352,0.06070077791810036,0.0027576498687267303,0.0439290851354599
326,0.005730044096708298,0.05935203656554222,0.0024594273418188095,0.04096001759171486
327,0.006465483922511339,0.06418613344430923,0.0022597918286919594,0.04037260636687279
328,0.006113616283982992,0.06336691230535507,0.0022734811063855886,0.040538277477025986
329,0.005510211922228336,0.05833987519145012,0.002351515693590045,0.04076939821243286
330,0.005969987250864506,0.06103366240859032,0.002364931395277381,0.04200652241706848
331,0.006008070427924395,0.06370089948177338,0.00249819946475327,0.04176133871078491
332,0.005311056040227413,0.0596783347427845,0.002497847890481353,0.042123112827539444
333,0.005675808526575565,0.05864880234003067,0.0024797702208161354,0.04324145242571831
334,0.005921091418713331,0.06136525049805641,0.002403332618996501,0.0420413576066494
335,0.006023868452757597,0.06019941344857216,0.002528630429878831,0.04236367344856262
336,0.006048088893294334,0.06150968000292778,0.0026512944605201483,0.043388571590185165
337,0.006356436293572187,0.06264787912368774,0.0024227292742580175,0.04179352521896362
338,0.005479323212057352,0.05740545317530632,0.002943142084404826,0.045763831585645676
339,0.005321492440998554,0.056432027369737625,0.0024459378328174353,0.04130268469452858
340,0.005780898034572601,0.06032165139913559,0.0023576775565743446,0.04072515666484833
341,0.0058267018757760525,0.06221380457282066,0.0023427994456142187,0.04133814573287964
342,0.006139619275927544,0.06287826597690582,0.0024840449914336205,0.04090612754225731
343,0.0062672835774719715,0.06215016543865204,0.0029432137962430716,0.04583495855331421
344,0.00612418819218874,0.06313244998455048,0.002589253941550851,0.043626490980386734
345,0.006483005825430155,0.06387123465538025,0.002313883975148201,0.04002560302615166
346,0.006250359117984772,0.0614389106631279,0.002284515183418989,0.04090789705514908
347,0.006477922201156616,0.06343338638544083,0.0023298682644963264,0.041548918932676315
348,0.006089132744818926,0.06280399858951569,0.0024117741268128157,0.04260788857936859
349,0.005824854597449303,0.06230553612112999,0.002438512397930026,0.04286792874336243
350,0.006017775274813175,0.06186183914542198,0.0026051169261336327,0.04400918260216713
351,0.006095034535974264,0.06323729455471039,0.0023530011530965567,0.041791751980781555
352,0.006112293340265751,0.06099623441696167,0.002599690342321992,0.04253412410616875
353,0.006064571440219879,0.06044929102063179,0.002356969751417637,0.04143776372075081
354,0.006296094041317701,0.060907091945409775,0.0026351893320679665,0.04399123787879944
355,0.00564012723043561,0.05932095646858215,0.002350882161408663,0.04118203744292259
356,0.005943093914538622,0.060856807976961136,0.0030654489528387785,0.04698190093040466
357,0.006176702678203583,0.06139497458934784,0.002471409970894456,0.041397202759981155
358,0.005262271501123905,0.058748140931129456,0.002353995805606246,0.041639603674411774
359,0.005172859411686659,0.05673430487513542,0.002455447567626834,0.041118036955595016
360,0.006355124060064554,0.06046652793884277,0.002436197130009532,0.04103609174489975
361,0.0058529069647192955,0.06101316213607788,0.0028853637631982565,0.044840257614851
362,0.006760277319699526,0.06559060513973236,0.0024313635658472776,0.041186701506376266
363,0.006438837386667728,0.06499054282903671,0.00441219424828887,0.056390028446912766
364,0.006718955468386412,0.06448246538639069,0.0024242675863206387,0.040980372577905655
365,0.005219900514930487,0.057418398559093475,0.0023911683820188046,0.042048800736665726
366,0.0056555918417871,0.05981231480836868,0.002497790614143014,0.04162115976214409
367,0.005586482584476471,0.059919148683547974,0.0028261831030249596,0.044846486300230026
368,0.006537234410643578,0.06390713900327682,0.0026987046003341675,0.04360853135585785
369,0.0054202815517783165,0.057336073368787766,0.0023737044539302588,0.041403744369745255
370,0.006275631487369537,0.0640559047460556,0.0024659999180585146,0.041415050625801086
371,0.005715862847864628,0.061849191784858704,0.004412949550896883,0.05612995848059654
372,0.005964525509625673,0.0601232573390007,0.0028196692001074553,0.04476932808756828
373,0.006006578449159861,0.06022203713655472,0.002494062064215541,0.04189324378967285
374,0.005423371214419603,0.058470092713832855,0.0024414584040641785,0.04171518608927727
375,0.005795374978333712,0.05874546617269516,0.002650773385539651,0.04306638240814209
376,0.0061812326312065125,0.06282075494527817,0.0024131855461746454,0.041264858096838
377,0.006125070620328188,0.06200068071484566,0.002511844038963318,0.04157208278775215
378,0.00622610142454505,0.06379131972789764,0.002481839619576931,0.04140704870223999
379,0.005866898689419031,0.061668023467063904,0.0027327940333634615,0.043657198548316956
380,0.006197493989020586,0.06200511381030083,0.002303279237821698,0.04107114300131798
381,0.006227192934602499,0.0632520243525505,0.002303306246176362,0.041044823825359344
382,0.005406471434980631,0.059250738471746445,0.0024210652336478233,0.04240085557103157
383,0.005427075549960136,0.05935980752110481,0.002286992035806179,0.04073401167988777
384,0.005807312671095133,0.059909820556640625,0.002281421096995473,0.04040993005037308
385,0.005612499080598354,0.05992589518427849,0.002244499046355486,0.040142979472875595
386,0.005438429769128561,0.06053559482097626,0.0022677616216242313,0.040677376091480255
387,0.005828110966831446,0.0588231198489666,0.0022636449430137873,0.04005584120750427
388,0.005893731489777565,0.06165522336959839,0.0025617836508899927,0.04146894812583923
389,0.0058550480753183365,0.06007937714457512,0.0023618126288056374,0.0402815081179142
390,0.005866245366632938,0.06087149679660797,0.0023641870357096195,0.041338566690683365
391,0.0067893085069954395,0.06545420736074448,0.0023906060960143805,0.04072606936097145
392,0.0058207125402987,0.05972667410969734,0.0024586233776062727,0.040916234254837036
393,0.006078074220567942,0.06238437443971634,0.002349056303501129,0.04072277620434761
394,0.006573614664375782,0.06511995196342468,0.0023782721254974604,0.041787415742874146
395,0.005701716523617506,0.05919288471341133,0.0023528290912508965,0.04020663723349571
396,0.006278386805206537,0.06374956667423248,0.002441871678456664,0.0407642163336277
397,0.005821274593472481,0.06094183400273323,0.002375986659899354,0.041674911975860596
398,0.006093193311244249,0.06195855885744095,0.0024661943316459656,0.04249316453933716
399,0.006240428425371647,0.06524796783924103,0.002322874730452895,0.041010353714227676
400,0.005890560802072287,0.05932485684752464,0.002544065471738577,0.042109012603759766
401,0.006268154364079237,0.06246129423379898,0.0025036425795406103,0.04187372699379921
402,0.005668442230671644,0.059059374034404755,0.0027347018476575613,0.04385728761553764
403,0.004645903129130602,0.05484047904610634,0.002509795129299164,0.04297366738319397
404,0.0055879857391119,0.06085672602057457,0.0024355652276426554,0.04116472974419594
405,0.005667584482580423,0.05928517505526543,0.0028581286314874887,0.04479094222187996
406,0.005465188063681126,0.05921504646539688,0.002466282807290554,0.041435420513153076
407,0.005865027662366629,0.06079075485467911,0.002491551684215665,0.04130426421761513
408,0.005631010979413986,0.06000961735844612,0.0032428086269646883,0.04887163266539574
409,0.006165762431919575,0.06328961998224258,0.003297708695754409,0.049306243658065796
410,0.005827664397656918,0.05954260379076004,0.0028085641097277403,0.044640958309173584
411,0.0054895635694265366,0.06078815460205078,0.0025461006443947554,0.042275551706552505
412,0.0056245578452944756,0.05854621157050133,0.002439878648146987,0.04095356538891792
413,0.005701481364667416,0.05912747606635094,0.0023692932445555925,0.04151081293821335
414,0.005942973308265209,0.060505256056785583,0.0023613532539457083,0.04092707857489586
415,0.005572617519646883,0.05947482958436012,0.002603948814794421,0.042395442724227905
416,0.005341918207705021,0.057536568492650986,0.0024092288222163916,0.04039764776825905
417,0.005917386617511511,0.06292661279439926,0.0024827048182487488,0.041188426315784454
418,0.005559023469686508,0.057527873665094376,0.0023344706278294325,0.040498122572898865
419,0.005639121402055025,0.060776256024837494,0.0024838356766849756,0.04131214693188667
420,0.005564384162425995,0.05781765654683113,0.0025335203390568495,0.04181574285030365
421,0.0051683345809578896,0.05645344778895378,0.00276879221200943,0.04402662441134453
422,0.005198298953473568,0.05732550844550133,0.0030918375123292208,0.04730329290032387
423,0.006296367850154638,0.06277912855148315,0.002566871466115117,0.041977692395448685
424,0.006070045288652182,0.06201779469847679,0.002585698151960969,0.0422000028192997
425,0.005352842155843973,0.058678336441516876,0.002444465411826968,0.0421329140663147
426,0.006069089286029339,0.06204479932785034,0.0022870285902172327,0.04073920473456383
427,0.006101170089095831,0.06131569296121597,0.002276304177939892,0.04064355418086052
428,0.005838477518409491,0.05890285223722458,0.0026333376299589872,0.04267296567559242
429,0.005369453225284815,0.0581689216196537,0.0023310885298997164,0.039460066705942154
430,0.005622540600597858,0.05899924039840698,0.0027213513385504484,0.043731123208999634
431,0.00613434286788106,0.0624694898724556,0.002444586018100381,0.040518295019865036
432,0.006249872501939535,0.06256840378046036,0.002304012654349208,0.039482489228248596
433,0.005249721463769674,0.05635989457368851,0.0022745404858142138,0.03944285586476326
434,0.004766333848237991,0.05472316965460777,0.0028501497581601143,0.04513491317629814
435,0.006475800648331642,0.06178116053342819,0.0028290413320064545,0.04484814405441284
436,0.005963513627648354,0.06151200458407402,0.002277366118505597,0.04037177562713623
437,0.005980442278087139,0.06273509562015533,0.0023780183400958776,0.04172806441783905
438,0.005339154042303562,0.05741840973496437,0.0026850898284465075,0.0436006523668766
439,0.005411575548350811,0.05592062324285507,0.0024236172903329134,0.040810029953718185
440,0.005702165421098471,0.06028915196657181,0.0023627227637916803,0.0403386689722538
441,0.005422385409474373,0.059043772518634796,0.0023807508405297995,0.04042740538716316
442,0.005254181567579508,0.05713159218430519,0.002266897354274988,0.039379578083753586
443,0.0063570118509233,0.06149757653474808,0.0026336393784731627,0.042694639414548874
444,0.0054581924341619015,0.060322355479002,0.0027999961748719215,0.044580262154340744
445,0.0057856119237840176,0.060923587530851364,0.0025342677254229784,0.0428173653781414
446,0.00634730001911521,0.06407321244478226,0.002608644077554345,0.04317725822329521
447,0.0059948693960905075,0.06118633598089218,0.002419372322037816,0.04061351716518402
448,0.005241821985691786,0.05657317116856575,0.0024913717061281204,0.041604381054639816
449,0.005335808731615543,0.05953946337103844,0.0023811946157366037,0.040136564522981644
450,0.005876512266695499,0.06129724904894829,0.0024588636588305235,0.04105633124709129
451,0.005670650862157345,0.05902612954378128,0.002560369437560439,0.04221904277801514
452,0.005970995407551527,0.0612606480717659,0.002461029449477792,0.04105086997151375
453,0.005310367792844772,0.05759337544441223,0.0024826934095472097,0.04127172380685806
454,0.005024723242968321,0.05638812854886055,0.002460191724821925,0.041010331362485886
455,0.0048354859463870525,0.05554109066724777,0.0023912114556878805,0.04101267084479332
456,0.006051389034837484,0.06260020285844803,0.0026270158123224974,0.043586160987615585
457,0.0057093361392617226,0.06084265187382698,0.002669251523911953,0.04386307671666145
458,0.00594480661675334,0.06069058179855347,0.0033925583120435476,0.04968854412436485
459,0.005721346475183964,0.05897727981209755,0.0025586960837244987,0.04265499487519264
460,0.0055149756371974945,0.059557873755693436,0.0024099622387439013,0.040359094738960266
461,0.005371030420064926,0.05738026276230812,0.00243949587456882,0.0403904989361763
462,0.005674625746905804,0.060751043260097504,0.002393662231042981,0.04130886122584343
463,0.005032120738178492,0.05646763741970062,0.0023757540620863438,0.04131714627146721
464,0.005250504240393639,0.05739472061395645,0.002419664990156889,0.040884848684072495
465,0.005321480333805084,0.05769679695367813,0.0026174073573201895,0.042817145586013794
466,0.005438954569399357,0.05879868566989899,0.0023883546236902475,0.041510071605443954
467,0.005516165401786566,0.0612512081861496,0.0024077652487903833,0.04159985110163689
468,0.005833443719893694,0.061701755970716476,0.002419155789539218,0.04076128453016281
469,0.005180702544748783,0.05778762698173523,0.002439958741888404,0.040794771164655685
470,0.006099659483879805,0.06099057197570801,0.0025460522156208754,0.041687607765197754
471,0.00619648490101099,0.0628650039434433,0.0024977901484817266,0.042582493275403976
472,0.006001793313771486,0.06152603030204773,0.0024267558474093676,0.041221294552087784
473,0.005151758901774883,0.0557473823428154,0.002419429598376155,0.04036318138241768
474,0.005456071812659502,0.05941818282008171,0.0026286470238119364,0.042969703674316406
475,0.005622429307550192,0.06038711220026016,0.0023866186384111643,0.04050842300057411
476,0.0055850655771791935,0.05937184393405914,0.0031565462704747915,0.046624552458524704
477,0.00562381511554122,0.06011073663830757,0.0025143208913505077,0.042692672461271286
478,0.005001436453312635,0.05635474994778633,0.0030149517115205526,0.04660199210047722
479,0.0062441700138151646,0.062105417251586914,0.0025370297953486443,0.0423731803894043
480,0.0059633199125528336,0.061633314937353134,0.003564475802704692,0.048597946763038635
481,0.006606196518987417,0.06633775681257248,0.0025056039448827505,0.04171737655997276
482,0.005723128095269203,0.05892312154173851,0.00312027707695961,0.04755401238799095
483,0.004945175722241402,0.054671648889780045,0.0024433129001408815,0.04113873839378357
484,0.005452482961118221,0.0579846017062664,0.002465056022629142,0.04248310998082161
485,0.0048238541930913925,0.05564253404736519,0.002462645759806037,0.04251839593052864
486,0.004856716841459274,0.054860178381204605,0.002855947008356452,0.045570891350507736
487,0.00570026645436883,0.0608927458524704,0.0025719304103404284,0.042782168835401535
488,0.00533133652061224,0.05582848936319351,0.002423842204734683,0.04202863574028015
489,0.006265080533921719,0.06318899989128113,0.0024070264771580696,0.04030146822333336
490,0.005581942852586508,0.05953587591648102,0.003607726888731122,0.051307808607816696
491,0.006152989808470011,0.06200658529996872,0.00287619698792696,0.04571450874209404
492,0.0051656379364430904,0.05820345878601074,0.0026272356044501066,0.04293208196759224
493,0.005596084054559469,0.06046997755765915,0.002910572336986661,0.046092212200164795
494,0.005487434566020966,0.05855032801628113,0.0024858524557203054,0.04211565852165222
495,0.0054082851856946945,0.059924568980932236,0.0026065229903906584,0.04332352802157402
496,0.005109894555062056,0.05606512352824211,0.002865719376131892,0.04565530642867088
497,0.005759494844824076,0.05849272012710571,0.002395397052168846,0.04034581780433655
498,0.005636048968881369,0.05871850624680519,0.002434232272207737,0.041907522827386856
499,0.006158117670565844,0.062194667756557465,0.0026096953079104424,0.043246518820524216
500,0.005049501080065966,0.057546913623809814,0.0027936126571148634,0.044923096895217896
501,0.005649569444358349,0.060723356902599335,0.0024771394673734903,0.04125431552529335
502,0.005677428096532822,0.06027926504611969,0.002487738151103258,0.042280975729227066
503,0.0061786966398358345,0.06339062005281448,0.0024980318266898394,0.041997674852609634
504,0.00530287204310298,0.056902024894952774,0.0025364842731505632,0.041911493986845016
505,0.005063533317297697,0.05676211789250374,0.0025944241788238287,0.04245771840214729
506,0.005153253208845854,0.05736369639635086,0.0025695038493722677,0.04225078225135803
507,0.00537962606176734,0.05922535061836243,0.0025955606251955032,0.04327157512307167
508,0.005757179111242294,0.0605020597577095,0.0034922610502690077,0.05056217312812805
509,0.005751015618443489,0.061366498470306396,0.0028688274323940277,0.04586019739508629
510,0.004767090082168579,0.05447043478488922,0.0028445671778172255,0.04488469287753105
511,0.0054152775555849075,0.06085757538676262,0.0025455208960920572,0.04302363470196724
512,0.00472385436296463,0.056475818157196045,0.0029930584132671356,0.04687235876917839
513,0.0051322076469659805,0.054884254932403564,0.003241497091948986,0.048453208059072495
514,0.005958269350230694,0.06118084117770195,0.002755251480266452,0.044791772961616516
515,0.004855995066463947,0.0550854429602623,0.00249036424793303,0.04120049998164177
516,0.0060173203237354755,0.06294004619121552,0.0026566802989691496,0.04392001032829285
517,0.005537623073905706,0.059267450124025345,0.0027084453031420708,0.044378649443387985
518,0.005127350799739361,0.05842994526028633,0.0024585751816630363,0.04102364555001259
519,0.005168972071260214,0.055401261895895004,0.002501493087038398,0.04113993048667908
520,0.00541250966489315,0.05882721394300461,0.0029443155508488417,0.046482861042022705
521,0.005555010866373777,0.05940831080079079,0.0035610951017588377,0.05070428177714348
522,0.00568515807390213,0.060428135097026825,0.002356586279347539,0.0400095172226429
523,0.005554136820137501,0.0607387013733387,0.00237086764536798,0.040678489953279495
524,0.005687165539711714,0.059828802943229675,0.002711870474740863,0.04435970261693001
525,0.005125955678522587,0.057191766798496246,0.002576071536168456,0.04288087412714958
526,0.005754037760198116,0.05922727286815643,0.0032926537096500397,0.04850192740559578
527,0.004944481421262026,0.05429353192448616,0.003179003717377782,0.047957729548215866
528,0.005621607881039381,0.06068086624145508,0.0024850156623870134,0.040895357728004456
529,0.005155295133590698,0.0576852522790432,0.002777377376332879,0.04479813203215599
530,0.005408675409853458,0.05754111334681511,0.0037450334057211876,0.052123039960861206
531,0.005391961894929409,0.057206228375434875,0.003637743880972266,0.051145922392606735
532,0.00548551045358181,0.059071134775877,0.002455559093505144,0.04155096039175987
533,0.005309864412993193,0.05897225812077522,0.0035693468526005745,0.05082644894719124
534,0.0053972722962498665,0.058305524289608,0.0034983104560524225,0.05034039542078972
535,0.004919114522635937,0.05531299486756325,0.0028544042725116014,0.04493406414985657
536,0.005875013768672943,0.06088794022798538,0.0027721046935766935,0.04410472512245178
537,0.005019078031182289,0.055778827518224716,0.002468081656843424,0.04176093265414238
538,0.006316157523542643,0.06270267814397812,0.00355289108119905,0.05047355219721794
539,0.005393290892243385,0.05921671912074089,0.002712559886276722,0.043493229895830154
540,0.0055105192586779594,0.059870801866054535,0.00247957999818027,0.04104265943169594
541,0.0059618474915623665,0.0619882196187973,0.003180203028023243,0.047498125582933426
542,0.004706861916929483,0.05224836617708206,0.0031429158989340067,0.0471900999546051
543,0.005453713238239288,0.05880033224821091,0.0024881961289793253,0.04111289978027344
544,0.005725569557398558,0.06254629790782928,0.0023994094226509333,0.04045091196894646
545,0.004288126714527607,0.05180533975362778,0.002563899615779519,0.04200940206646919
546,0.005238153040409088,0.05732320621609688,0.002313972683623433,0.0392095185816288
547,0.005177963059395552,0.05744924023747444,0.002343318657949567,0.0401444248855114
548,0.005866564344614744,0.06127873808145523,0.00260229897685349,0.041883666068315506
549,0.005535131320357323,0.059538502246141434,0.0029217246919870377,0.045269858092069626
550,0.005249527748674154,0.05774596333503723,0.002347248839214444,0.03962531313300133
551,0.006110770627856255,0.062275588512420654,0.002629809780046344,0.04340512678027153
552,0.005086248740553856,0.056638747453689575,0.002488908125087619,0.040656719356775284
553,0.0054825893603265285,0.06007944792509079,0.0025822448078542948,0.041747406125068665
554,0.005734760779887438,0.06049890071153641,0.002426435239613056,0.041576556861400604
555,0.005554896779358387,0.05926947295665741,0.002480698050931096,0.04068141058087349
556,0.005563626065850258,0.05846916884183884,0.002489097649231553,0.040535930544137955
557,0.005567437503486872,0.057540249079465866,0.0024321337696164846,0.04180033504962921
558,0.00574538204818964,0.061656028032302856,0.0024022262077778578,0.03988659381866455
559,0.0046088602393865585,0.054093196988105774,0.0026782171335071325,0.04294535145163536
560,0.005678823217749596,0.06095198914408684,0.0023983807768672705,0.040102191269397736
561,0.005899170413613319,0.06095224991440773,0.002334445482119918,0.03936231881380081
562,0.0054140049032866955,0.05914732441306114,0.0023960324469953775,0.040037594735622406
563,0.005244732368737459,0.05834084749221802,0.0023803641088306904,0.040859878063201904
564,0.005642618518322706,0.06098046526312828,0.002358899684622884,0.04006136953830719
565,0.005307046230882406,0.058148134499788284,0.002347339875996113,0.03967180475592613
566,0.005367433652281761,0.05813413858413696,0.002358505269512534,0.040393587201833725
567,0.005128140561282635,0.05633643642067909,0.002505321754142642,0.040849946439266205
568,0.005412401631474495,0.05852629616856575,0.0024791157338768244,0.0411895252764225
569,0.005075990222394466,0.05860421061515808,0.0027504798490554094,0.04390807822346687
570,0.0058137536980211735,0.06060158461332321,0.002831624820828438,0.04449806734919548
571,0.0044932239688932896,0.054068319499492645,0.0025808142963796854,0.04301181808114052
572,0.0055632865987718105,0.06314931809902191,0.002440753160044551,0.04093112424015999
573,0.0054020872339606285,0.059286024421453476,0.0029200066346675158,0.045189451426267624
574,0.005764068104326725,0.059858303517103195,0.0024484593886882067,0.04052673652768135
575,0.005116492509841919,0.05811638385057449,0.0024184531066566706,0.040577854961156845
576,0.005160906817764044,0.05942494049668312,0.0035157313104718924,0.049982573837041855
577,0.005874169524759054,0.06072292849421501,0.002712202025577426,0.043599456548690796
578,0.006069236900657415,0.06214457005262375,0.0030485393945127726,0.0464969277381897
579,0.0060994368977844715,0.06039927527308464,0.0027895087841898203,0.04405183717608452
580,0.0053724804893136024,0.0574599988758564,0.002736467868089676,0.04374483600258827
581,0.005355631932616234,0.05890338122844696,0.0027076220139861107,0.043354377150535583
582,0.006031158845871687,0.06103522703051567,0.0033090587239712477,0.04842225834727287
583,0.005526331253349781,0.05927905812859535,0.0027882223948836327,0.04424665495753288
584,0.005059989634901285,0.0570688471198082,0.002494357293471694,0.041403766721487045
585,0.0052074831910431385,0.05783189833164215,0.002865849994122982,0.04502524808049202
586,0.005715935956686735,0.06072116643190384,0.0026629206258803606,0.044026557356119156
587,0.006376537028700113,0.06368780136108398,0.0029698137659579515,0.04582284763455391
588,0.005443567410111427,0.0571356937289238,0.0029552672058343887,0.0456613153219223
589,0.005279147997498512,0.05789030343294144,0.002401332836598158,0.040139779448509216
590,0.005422978661954403,0.05925171077251434,0.0023380808997899294,0.04043632373213768
591,0.006078527774661779,0.06151382997632027,0.003989238757640123,0.053083617240190506
592,0.005261299666017294,0.05783820152282715,0.003565271385014057,0.050135836005210876
593,0.005266772583127022,0.05551221966743469,0.0028296122327446938,0.044972389936447144
594,0.005297652445733547,0.05740361660718918,0.0026036056224256754,0.04215912148356438
595,0.005295928101986647,0.05745780095458031,0.002873313380405307,0.045295994728803635
596,0.005282389000058174,0.0570286326110363,0.0028051994740962982,0.04446394741535187
597,0.004982139449566603,0.05671089515089989,0.00258834776468575,0.04228030517697334
598,0.005328388884663582,0.05984696000814438,0.002582988701760769,0.041884034872055054
599,0.005525227170437574,0.05860989913344383,0.00362451933324337,0.05080656707286835
600,0.005628498736768961,0.058461032807826996,0.0024828531313687563,0.04072779044508934
601,0.005162949673831463,0.05748927220702171,0.0024100064765661955,0.0411670058965683
602,0.0053819394670426846,0.058607038110494614,0.002497626468539238,0.04086954519152641
603,0.005363292992115021,0.0572369210422039,0.002417410956695676,0.04016415774822235
604,0.005413001403212547,0.05755653604865074,0.002402194542810321,0.04015542194247246
605,0.004845724906772375,0.0555952824652195,0.0024246734101325274,0.041779693216085434
606,0.005155771505087614,0.0564630851149559,0.002589674899354577,0.04368634521961212
607,0.005047782324254513,0.05718182772397995,0.0033430885523557663,0.04850773140788078
608,0.00549586396664381,0.05819116532802582,0.0030365583952516317,0.04617725685238838
609,0.005214933305978775,0.05602747201919556,0.0025281880516558886,0.04224509000778198
610,0.005157984793186188,0.0569026805460453,0.002452621702104807,0.04172280803322792
611,0.005398441571742296,0.058798689395189285,0.0023819145280867815,0.04090500250458717
612,0.004766382277011871,0.054662659764289856,0.002466575475409627,0.040694233030080795
613,0.005060090217739344,0.05689498409628868,0.003238237462937832,0.047558289021253586
614,0.005302363075315952,0.056198906153440475,0.002404598519206047,0.040808793157339096
615,0.005674929358065128,0.061383072286844254,0.0024414698127657175,0.04135145619511604
616,0.005135866813361645,0.05638723820447922,0.0024491341318935156,0.04174282029271126
617,0.005771716590970755,0.06096901372075081,0.002581365406513214,0.041961174458265305
618,0.0053447578102350235,0.059153661131858826,0.002510849852114916,0.0425129197537899
619,0.005027539562433958,0.05703243240714073,0.0025094689335674047,0.04237339273095131
620,0.005431101657450199,0.060144465416669846,0.002415039809420705,0.04136713966727257
621,0.005092334467917681,0.05763808637857437,0.0024354795459657907,0.04142969474196434
622,0.004948877729475498,0.05568838119506836,0.0024830626789480448,0.041504956781864166
623,0.005489683710038662,0.060071952641010284,0.002567327581346035,0.04151764139533043
624,0.005169623531401157,0.057248201221227646,0.0024891921784728765,0.041040271520614624
625,0.004666985012590885,0.056164536625146866,0.0024656273890286684,0.040813591331243515
626,0.004888523835688829,0.05507475510239601,0.0025087788235396147,0.04120585322380066
627,0.004826774820685387,0.05452889949083328,0.00254695862531662,0.04185876250267029
628,0.005595216061919928,0.06086190789937973,0.002821926726028323,0.0444832444190979
629,0.0051426454447209835,0.0568431131541729,0.0031049828976392746,0.04688640311360359
630,0.005254109390079975,0.057878732681274414,0.002527674427255988,0.04242194816470146
631,0.005080822389572859,0.05796083062887192,0.002671468071639538,0.04291732609272003
632,0.004937481600791216,0.05626750737428665,0.0027921695727854967,0.044146161526441574
633,0.004789779428392649,0.05553068220615387,0.0028630138840526342,0.044542089104652405
634,0.00581843638792634,0.0627235695719719,0.00281094410456717,0.04410555958747864
635,0.0046851481311023235,0.05396033078432083,0.002434691647067666,0.040562234818935394
636,0.005706208758056164,0.061201076954603195,0.002414943650364876,0.04132939875125885
637,0.00562999676913023,0.058674708008766174,0.003770008683204651,0.05154179409146309
638,0.005136728286743164,0.05676363781094551,0.003960686270147562,0.05283057689666748
639,0.005401069298386574,0.05894760414958,0.0024206184316426516,0.04035721346735954
640,0.005634468514472246,0.05960307642817497,0.002929538721218705,0.0453781895339489
641,0.005768067669123411,0.05980920046567917,0.0027181406039744616,0.04319680854678154
642,0.0051284353248775005,0.05800333991646767,0.0035875700414180756,0.05035839602351189
643,0.005065965000540018,0.05623319745063782,0.00260851695202291,0.04175892472267151
644,0.005270835477858782,0.059952300041913986,0.002585791051387787,0.04161177575588226
645,0.0052273995243012905,0.05741078034043312,0.0026234325487166643,0.04346563294529915
646,0.005668229423463345,0.06015322729945183,0.003002825425937772,0.045910656452178955
647,0.005425788462162018,0.05872960761189461,0.002927460940554738,0.04465348646044731
648,0.004623343236744404,0.05547720193862915,0.0027684075757861137,0.04322986677289009
649,0.0050050243735313416,0.05680934339761734,0.0028171699959784746,0.04503795504570007
650,0.005260658450424671,0.057945750653743744,0.0028687790036201477,0.0446462482213974
651,0.00504687987267971,0.05436382070183754,0.003150124102830887,0.046812593936920166
652,0.0041969395242631435,0.051075853407382965,0.0026553936768323183,0.04298027977347374
653,0.0048406049609184265,0.05405711010098457,0.0025236504152417183,0.04215836524963379
654,0.004767922218888998,0.0541967898607254,0.0024822386913001537,0.041237909346818924
655,0.005098207853734493,0.057059984654188156,0.00270257331430912,0.04282672330737114
656,0.005532416980713606,0.059611547738313675,0.0024341174867004156,0.040808454155921936
657,0.005724493879824877,0.060668718069791794,0.002487451070919633,0.04168546199798584
658,0.004785893484950066,0.05439761281013489,0.002373032970353961,0.04044783487915993
659,0.005050145089626312,0.055695898830890656,0.002576315077021718,0.04143208637833595
660,0.005182409659028053,0.053946495056152344,0.0023967057932168245,0.040572892874479294
661,0.004813269712030888,0.054538704454898834,0.002519765170291066,0.04178136587142944
662,0.0054680402390658855,0.05847359448671341,0.0025855693966150284,0.042641133069992065
663,0.005157759413123131,0.05649764835834503,0.002737186849117279,0.04339483380317688
664,0.005418368149548769,0.05743395909667015,0.0027928072959184647,0.044285714626312256
665,0.0055441828444600105,0.057631202042102814,0.0026449814904481173,0.04385027289390564
666,0.005326124373823404,0.05845879390835762,0.0025344097521156073,0.042342692613601685
667,0.004541252739727497,0.055041082203388214,0.0025739080738276243,0.04178115725517273
668,0.004947692155838013,0.05658910796046257,0.002566409995779395,0.0419483482837677
669,0.0052763959392905235,0.05643339455127716,0.002547272713854909,0.04172642156481743
670,0.0049080271273851395,0.056036967784166336,0.002972246380522847,0.04528769478201866
671,0.004607929848134518,0.05564213916659355,0.0026183705776929855,0.042246315628290176
672,0.005094978027045727,0.055318694561719894,0.002510086400434375,0.04188644886016846
673,0.005490888375788927,0.05818574130535126,0.00261558941565454,0.04201694205403328
674,0.0052412343211472034,0.057968225330114365,0.0034820560831576586,0.04940509796142578
675,0.005266864318400621,0.05803442746400833,0.0027011383790522814,0.04272759333252907
676,0.0052881198935210705,0.05857841670513153,0.0025727110914885998,0.04220506548881531
677,0.004820150323212147,0.054812029004096985,0.0032734423875808716,0.04766508936882019
678,0.0052692168392241,0.056378643959760666,0.002623041160404682,0.041989296674728394
679,0.005539103876799345,0.06040064990520477,0.002696385607123375,0.04409071430563927
680,0.004399495664983988,0.052686091512441635,0.0024830573238432407,0.041681427508592606
681,0.005271072965115309,0.05763597786426544,0.002510850317776203,0.041018735617399216
682,0.0048956796526908875,0.053912244737148285,0.0024532051756978035,0.040607206523418427
683,0.004958110395818949,0.055446088314056396,0.002419921802356839,0.04078508913516998
684,0.005850967485457659,0.06091930717229843,0.002441452583298087,0.04093606397509575
685,0.005953183397650719,0.06045881658792496,0.002704329090192914,0.04276415705680847
686,0.005145469214767218,0.056754618883132935,0.0026992533821612597,0.04230746999382973
687,0.0048074969090521336,0.05434056743979454,0.0025027275551110506,0.04121826961636543
688,0.005436132661998272,0.059194281697273254,0.0025838257279247046,0.042627427726984024
689,0.005197237245738506,0.05626130849123001,0.0027873993385583162,0.042492542415857315
690,0.0051980093121528625,0.05692670866847038,0.002771768718957901,0.042755719274282455
691,0.00461660185828805,0.0554698221385479,0.0028072588611394167,0.0447247214615345
692,0.005338885821402073,0.059375252574682236,0.002826005220413208,0.04388792812824249
693,0.005437973886728287,0.05977785959839821,0.0029907654970884323,0.04575859382748604
694,0.005228851456195116,0.05754576250910759,0.002876454731449485,0.045874208211898804
695,0.005398138891905546,0.05893160030245781,0.0026989930775016546,0.04445384070277214
696,0.004164307378232479,0.052568744868040085,0.002883071778342128,0.04451031610369682
697,0.005146323703229427,0.057030271738767624,0.00293000228703022,0.0453350804746151
698,0.004656704608350992,0.05324217304587364,0.0027817438822239637,0.044316962361335754
699,0.004694315139204264,0.05466429144144058,0.002690311288461089,0.04332088306546211
